started_at,finished_at
2026-03-03,2026-03-03
2026-03-03,2026-03-06
2026-03-04,2026-03-08
2026-03-05,2026-03-09
2026-03-06 09:12:00,2026-03-11 18:40:00
2026-03-07,2026-03-10
2026-03-10,2026-03-15
2026-03-12,2026-03-18
2026-03-13 13:00:00,2026-03-13 16:30:00
2026-03-14,2026-03-20
2026-03-16,2026-03-22
2026-03-18,2026-03-25
2026-03-19,2026-03-19
2026-03-19,2026-03-23
2026-03-19,2026-03-27
2026-03-19 10:00:00,2026-03-19 16:00:00
2026-03-19 10:00:00,2026-03-21 19:10:00
2026-03-19 10:00:00,2026-03-22 10:00:00
2026-03-20,2026-03-24
2026-03-21,2026-03-26
2026-03-22,2026-03-22
2026-03-23,2026-03-28
2026-03-24,2026-03-24
2026-03-24,2026-03-27
2026-03-24,2026-03-30
2026-03-24,2026-03-31
2026-03-24 08:30:00,2026-03-24 12:00:00
2026-03-24 08:30:00,2026-03-25 11:00:00
2026-03-24 08:30:00,2026-03-29 16:20:00
2026-03-25,2026-03-29
2026-03-26,2026-03-31
2026-03-27,2026-04-02
2026-03-28,2026-03-28
2026-03-29,2026-04-03
2026-03-30 14:15:00,2026-04-04 09:00:00
2026-03-31,2026-04-06
2026-04-01,2026-04-01
2026-04-01,2026-04-07
2026-04-02,2026-04-08
2026-04-03,2026-04-03
2026-04-03,2026-04-05
2026-04-03,2026-04-08
2026-04-03,2026-04-10
2026-04-03 09:10:00,2026-04-04 18:00:00
2026-04-03 09:10:00,2026-04-09 12:00:00
2026-04-03 11:40:00,2026-04-03 17:05:00
2026-04-04,2026-04-11
2026-04-05,2026-04-05
2026-04-06,2026-04-12
2026-04-07,2026-04-14
2026-04-08,2026-04-15
2026-04-09 09:00:00,2026-04-16 18:30:00
2026-04-10,2026-04-10
2026-04-10,2026-04-17
2026-04-11,2026-04-19
2026-04-12,2026-04-20
