"2026-04-09 12:08:06.931000","2026-04-09 14:46:52.219000",1
"2026-04-08 18:48:25.199000","2026-04-09 13:45:20.387000",2
"2026-04-06 10:44:52.966000","2026-04-08 17:40:05.289000",3
"2026-04-08 13:30:32.689000","2026-04-08 14:51:38.066000",1
"2026-04-06 16:52:33.940000","2026-04-07 17:39:05.047000",2
"2026-03-27 13:05:46.656000","2026-04-06 18:48:17.955000",11
"2026-04-02 12:49:30.905000","2026-04-06 18:48:11.205000",5
"2026-03-30 14:17:37.810000","2026-04-06 16:54:57.031000",8
"2026-04-01 12:04:04.302000","2026-04-06 12:41:10.869000",6
"2026-04-01 16:30:10.759000","2026-04-01 17:41:37.393000",1
"2026-03-26 17:54:20.034000","2026-04-01 14:37:45.962000",7
"2026-03-31 01:40:10.143000","2026-04-01 14:34:57.218000",2
"2026-03-17 18:07:04.815000","2026-04-01 14:29:58.650000",16
"2026-03-23 13:49:39.360000","2026-04-01 14:02:45.943000",10
"2026-03-26 12:58:54.379000","2026-03-31 19:53:45.323000",6
"2026-03-09 13:26:34.436000","2026-03-31 19:48:05.773000",23
"2026-03-26 12:16:16.320000","2026-03-31 18:50:37.411000",6
"2026-03-31 12:56:42.074000","2026-03-31 15:01:38.663000",1
"2026-03-31 00:32:38.069000","2026-03-31 01:40:00.176000",1
"2026-03-30 20:38:32.115000","2026-03-31 00:31:10.297000",2
"2026-03-30 14:42:02.566000","2026-03-30 18:43:01.944000",1
"2026-03-27 17:13:17.970000","2026-03-30 14:42:53.752000",4
"2026-03-19 12:21:22.607000","2026-03-27 17:13:12.484000",9
"2026-03-24 14:47:31.648000","2026-03-27 12:37:45.928000",4
"2026-03-13 13:19:07.979000","2026-03-26 18:15:22.637000",14
"2026-03-24 13:12:50.254000","2026-03-26 14:20:11.885000",3
"2026-03-24 13:36:04.248000","2026-03-26 12:57:28.372000",3
"2026-03-23 15:07:33.996000","2026-03-25 17:42:02.456000",3
"2026-03-19 11:07:36.283000","2026-03-25 17:21:39.687000",7
"2026-03-18 14:26:42.568000","2026-03-25 17:21:38.484000",8
"2026-03-23 17:08:01.619000","2026-03-25 16:12:31.091000",3
"2026-03-25 11:43:46.943000","2026-03-25 16:12:27.715000",1
"2026-03-20 15:51:40.940000","2026-03-24 16:25:10.113000",5
"2026-03-16 14:50:15.338000","2026-03-23 19:29:31.973000",8
"2026-03-05 18:09:20.240000","2026-03-23 19:29:29.871000",19
"2026-03-05 18:09:18.451000","2026-03-23 19:29:29.762000",19
"2026-03-04 21:08:21.333000","2026-03-23 19:29:15.467000",20
"2026-03-13 13:33:06.160000","2026-03-23 19:29:14.489000",11
"2026-03-18 18:05:08.738000","2026-03-23 19:29:12.234000",6
"2026-03-20 16:30:11.992000","2026-03-23 19:29:10.790000",4
"2026-03-11 20:47:16.007000","2026-03-23 18:12:36.694000",13
"2026-03-13 20:16:30.014000","2026-03-23 16:48:39.920000",11
"2026-03-20 15:04:42.709000","2026-03-23 12:24:27.375000",4
"2026-03-20 12:29:44.360000","2026-03-23 11:51:08.509000",4
"2026-03-19 16:46:14.751000","2026-03-20 13:02:33.725000",2
"2026-03-10 20:22:47.530000","2026-03-20 13:02:32.611000",11
"2026-02-13 19:42:12.654000","2026-03-19 18:15:59.685000",35
"2026-03-05 17:20:59.707000","2026-03-19 12:11:41.511000",15
"2026-03-04 16:40:24.603000","2026-03-11 12:11:39.416000",8
"2026-03-02 12:06:30.456000","2026-03-19 12:11:37.395000",18
"2026-03-12 12:25:00.405000","2026-03-18 19:12:36.846000",7
"2026-03-12 10:56:20.347000","2026-03-18 18:37:58.839000",7
"2026-03-13 12:49:13.553000","2026-03-18 13:19:59.906000",6
"2026-03-02 17:14:40.931000","2026-03-17 20:50:31.007000",16
"2026-03-09 20:44:41.809000","2026-03-17 20:20:14.773000",9
"2026-03-13 20:36:03.225000","2026-03-17 20:14:34.235000",5
"2026-03-05 18:44:19.655000","2026-03-17 16:12:30.855000",13
"2026-03-10 19:47:52.098000","2026-03-17 13:38:04.850000",8
"2026-03-09 11:50:14.925000","2026-03-16 14:35:31.601000",8
"2026-03-03 13:35:37.136000","2026-03-13 20:06:58.627000",11
"2026-03-03 15:17:36.784000","2026-03-12 19:16:36.333000",10
"2026-03-11 11:50:25.756000","2026-03-12 18:03:28.644000",2
"2026-03-12 17:59:59.292000","2026-03-12 17:59:56.387000",1
"2026-03-10 20:46:19.649000","2026-03-12 12:18:59.579000",3
"2026-03-04 20:44:11.045000","2026-03-11 20:43:27.933000",8
"2026-03-11 12:29:54.061000","2026-03-11 16:31:20.135000",1
"2026-03-11 11:42:32.698000","2026-03-11 13:25:20.016000",1
"2026-03-09 18:53:16.378000","2026-03-10 20:34:57.273000",2
"2026-03-09 18:14:54.060000","2026-03-10 20:34:56.096000",2
"2026-03-03 19:45:33.440000","2026-03-10 18:55:12.136000",8
"2026-02-26 11:39:22.468000","2026-03-10 18:48:20.131000",13
"2026-03-10 11:46:57.200000","2026-03-10 12:57:26.243000",1
"2026-03-09 17:49:16.673000","2026-03-10 12:44:12.219000",2
"2026-03-03 18:04:23.661000","2026-03-10 12:44:00.185000",8
"2026-03-09 16:24:01.245000","2026-03-09 18:53:20.363000",1
"2026-02-25 18:57:42.773000","2026-03-09 12:50:50.047000",13
"2026-03-02 18:08:10.756000","2026-03-05 21:04:53.484000",4
"2026-03-03 17:58:46.793000","2026-03-05 18:43:07.599000",3
"2026-03-03 19:28:52.651000","2026-03-05 18:43:02.972000",3
"2026-03-02 16:38:45.707000","2026-03-05 18:07:27.018000",4
"2026-03-04 14:06:48.528000","2026-03-05 14:45:35.742000",2
"2026-03-03 18:30:54.900000","2026-03-04 16:40:08.215000",2
"2026-03-03 12:29:30.356000","2026-03-04 16:40:06.805000",2
"2026-03-02 13:11:16.270000","2026-03-04 13:40:54.845000",3
"2026-02-20 19:10:53.044000","2026-03-03 19:49:29.558000",12
"2026-02-23 18:19:29.546000","2026-03-03 18:51:16.637000",9
"2026-02-19 21:40:36.292000","2026-03-03 13:09:11.208000",13
"2026-02-19 19:05:18.718000","2026-03-03 13:04:30.135000",13
"2026-03-02 12:51:18.684000","2026-03-02 16:39:02.909000",1
"2026-02-25 14:24:55.123000","2026-03-02 16:13:27.150000",6
"2026-02-24 17:03:07.289000","2026-03-02 16:13:24.557000",7
"2026-02-27 19:20:26.742000","2026-03-02 15:31:22.421000",4
"2026-02-26 17:49:19.117000","2026-03-02 14:50:00.262000",5
"2026-02-09 11:02:15.827000","2026-03-02 14:34:18.158000",22
"2026-02-23 18:55:42.491000","2026-02-27 16:23:52.516000",5
"2026-02-27 14:22:05.703000","2026-02-27 15:34:08.730000",1
"2026-02-26 19:46:02.580000","2026-02-27 14:16:47.605000",2
"2026-02-25 11:37:28.409000","2026-02-26 17:38:40.566000",2
"2026-02-23 11:51:38.943000","2026-02-26 14:55:43.017000",4
"2026-02-24 13:41:35.306000","2026-02-25 20:15:20.353000",2
"2026-02-19 19:26:00.131000","2026-02-25 12:18:49.785000",7
"2026-02-23 11:59:22.604000","2026-02-24 20:19:08.465000",2
"2026-02-11 13:49:03.589000","2026-02-24 13:30:57.275000",14
"2026-02-12 13:53:12.385000","2026-02-24 13:30:56.135000",13
"2026-02-11 14:01:21.633000","2026-02-24 11:49:57.466000",14
"2026-02-20 12:15:00.690000","2026-02-23 19:48:25.581000",4
"2026-02-20 15:01:12.983000","2026-02-23 19:21:56.602000",4
"2026-02-20 18:54:37.873000","2026-02-23 19:21:49.680000",4
"2026-02-20 14:18:52.125000","2026-02-23 19:20:29.689000",4
"2026-02-12 13:48:54.401000","2026-02-20 17:45:04.473000",9
"2026-02-19 15:17:01.014000","2026-02-20 16:53:08.777000",2
"2026-02-13 13:15:55.550000","2026-02-20 14:20:55.580000",8
"2026-02-19 14:33:55.921000","2026-02-19 17:30:27.874000",1
"2026-02-12 19:22:39.477000","2026-02-19 15:16:45.463000",8
"2026-02-12 17:29:29.152000","2026-02-19 15:16:37.527000",8
"2026-02-04 17:51:43.139000","2026-02-19 14:33:49.780000",16
"2026-02-03 20:02:21.106000","2026-02-19 14:33:43.612000",17
"2026-02-10 12:56:53.221000","2026-02-19 14:30:19.217000",10
"2026-02-11 11:38:58.108000","2026-02-19 13:39:41.560000",9
"2026-02-13 12:55:31.514000","2026-02-19 13:34:02.946000",7
"2026-02-19 12:28:40.682000","2026-02-19 13:10:25.761000",1
"2026-02-13 16:36:20.810000","2026-02-16 11:37:49.357000",4
"2026-02-11 19:32:15.776000","2026-02-13 14:04:25.942000",3
"2026-02-06 13:58:17.418000","2026-02-13 12:56:44.560000",8
"2026-02-11 11:35:51.071000","2026-02-13 12:56:42.790000",3
"2026-02-03 19:21:12.187000","2026-02-12 17:11:06.995000",10
"2026-02-05 12:57:48.272000","2026-02-12 12:32:17.358000",8
"2026-02-04 21:23:00.439000","2026-02-11 14:03:37.163000",8
"2026-02-11 12:50:11.133000","2026-02-11 13:56:48.301000",1
"2026-02-10 17:04:23.291000","2026-02-11 13:56:25.941000",2
"2026-02-05 16:24:58.956000","2026-02-11 13:16:32.115000",7
"2026-02-09 13:31:58.052000","2026-02-10 18:26:41.189000",2
"2026-01-30 16:35:19.366000","2026-02-09 14:46:09.833000",11
"2026-02-04 19:45:27.987000","2026-02-09 14:46:04.275000",6
"2026-02-09 12:57:05.160000","2026-02-09 13:39:28.752000",1
"2026-02-05 17:07:30.527000","2026-02-06 16:05:10.687000",2
"2026-02-06 13:23:04.311000","2026-02-06 14:07:16.133000",1
"2026-02-06 12:47:17.983000","2026-02-06 13:02:36.548000",1
"2026-02-04 14:46:50.763000","2026-02-05 18:12:43.009000",2
"2026-02-04 16:33:43.696000","2026-02-05 17:52:15.739000",2
"2026-02-05 11:23:43.799000","2026-02-05 14:27:50.153000",1
"2026-02-03 17:38:06.783000","2026-02-05 11:20:10.769000",3
"2026-01-27 19:54:21.005000","2026-02-04 20:15:06.489000",9
"2026-01-26 13:07:51.195000","2026-02-04 19:45:08.088000",10
"2026-01-19 17:08:57.358000","2026-02-04 19:04:47.174000",17
"2026-01-30 13:37:33.643000","2026-02-04 18:30:59.462000",6
"2026-01-28 14:04:18.620000","2026-02-04 14:44:52.422000",8
"2026-02-03 12:56:05.039000","2026-02-04 12:02:43.959000",2
"2026-02-02 17:03:04.022000","2026-02-03 20:01:59.624000",2
"2026-02-02 19:22:06.306000","2026-02-03 19:20:09.639000",2
"2026-01-29 20:36:50.910000","2026-02-03 19:20:04.171000",6
"2026-02-02 13:59:43.107000","2026-02-03 19:20:02.840000",2
"2026-02-02 13:14:38.092000","2026-02-03 17:32:51.925000",2
"2026-02-02 16:46:52.910000","2026-02-03 11:58:17.240000",2
"2026-01-28 18:25:15.876000","2026-02-02 16:46:46.007000",6
"2026-01-30 19:34:47.094000","2026-02-02 15:57:17.672000",4
"2026-01-29 16:16:38.154000","2026-02-02 13:40:45.272000",5
"2026-01-29 18:18:05.454000","2026-01-30 21:28:56.264000",2
"2026-01-30 17:08:52.826000","2026-01-30 21:28:43.100000",1
"2026-01-29 17:45:44.845000","2026-01-30 20:12:16.344000",2
"2026-01-26 18:53:50.696000","2026-01-30 19:42:36.745000",5
"2026-01-20 23:38:09.435000","2026-01-29 18:17:01.801000",10
"2026-01-27 14:22:18.499000","2026-01-29 18:17:00.530000",3
"2026-01-28 14:43:47.068000","2026-01-29 18:16:49.864000",2
"2026-01-28 14:44:24.793000","2026-01-29 18:16:39.641000",2
"2026-01-21 20:01:52.179000","2026-01-29 17:45:27.355000",9
"2026-01-29 17:29:40.932000","2026-01-29 17:36:27.106000",1
"2026-01-26 13:06:22.432000","2026-01-29 16:49:25.907000",4
"2026-01-28 21:07:50.731000","2026-01-28 21:07:43.629000",1
"2026-01-27 16:09:07.981000","2026-01-28 19:42:07.813000",2
"2026-01-20 19:31:16.544000","2026-01-28 14:03:27.219000",9
"2026-01-16 14:53:01.420000","2026-01-28 13:55:51.697000",13
"2026-01-21 17:08:02.277000","2026-01-28 13:55:46.219000",8
"2026-01-26 20:09:56.633000","2026-01-27 12:10:49.361000",2
"2026-01-21 14:48:55.716000","2026-01-26 17:20:34.177000",6
"2026-01-13 20:05:05.835000","2026-01-26 16:46:29.736000",14
"2026-01-13 20:52:33.763000","2026-01-26 15:02:54.139000",14
"2026-01-22 20:13:45.414000","2026-01-26 12:49:12.630000",5
"2026-01-20 18:37:38.646000","2026-01-23 14:26:55.083000",4
"2026-01-21 13:55:11.297000","2026-01-23 14:11:53.100000",3
"2026-01-07 13:33:20.612000","2026-01-20 20:05:26.888000",14
"2026-01-16 19:58:43.063000","2026-01-20 18:34:48.148000",5
"2026-01-19 13:35:25.284000","2026-01-19 19:27:26.891000",1
"2026-01-08 12:59:58.207000","2026-01-19 16:29:16.160000",12
"2026-01-12 20:55:23.680000","2026-01-16 16:05:51.784000",5
"2026-01-07 19:23:23.140000","2026-01-15 18:17:28.926000",9
"2026-01-15 12:49:47.270000","2026-01-15 15:11:59.324000",1
"2026-01-12 14:20:27.531000","2026-01-14 15:02:36.406000",3
"2026-01-12 20:29:54.962000","2026-01-14 14:40:45.880000",3
"2026-01-12 13:19:51.708000","2026-01-13 15:33:39.424000",2
"2026-01-12 15:56:02.166000","2026-01-13 15:33:37.971000",2
"2026-01-05 13:09:13.079000","2026-01-13 13:04:01.798000",9
"2026-01-09 17:06:47.005000","2026-01-12 18:49:27.344000",4
"2026-01-02 16:29:23.739000","2026-01-12 13:44:33.750000",11
"2026-01-08 17:26:23.731000","2026-01-09 20:27:51.661000",2
"2026-01-08 18:49:21.924000","2026-01-08 20:06:46.388000",1
"2026-01-06 12:17:47.990000","2026-01-08 18:47:26.422000",3
"2026-01-02 13:11:43.585000","2026-01-08 18:47:19.962000",7
"2026-01-06 12:01:58.107000","2026-01-08 18:08:08.422000",3
"2026-01-07 16:53:23.467000","2026-01-07 19:40:52.034000",1
"2026-01-05 20:21:59.717000","2026-01-06 20:40:45.224000",2
"2026-01-05 14:21:09.806000","2026-01-06 16:50:44.671000",2
"2026-01-05 19:14:15.988000","2026-01-06 13:54:32.336000",2
"2026-01-05 18:46:22.450000","2026-01-06 11:45:44.344000",2
"2026-01-05 13:55:20.589000","2026-01-05 16:14:02.740000",1
"2026-01-02 12:14:27.648000","2026-01-02 18:34:35.859000",1
"2026-01-02 15:54:20.759000","2026-01-02 16:41:02.445000",1
"2026-01-02 13:32:36.908000","2026-01-02 13:32:48.457000",1
